{"cameraMode":{"drawMode":0,"name":"Shaded","section":"Shading Mode"},"sceneLighting":false,"audioPlay":false,"sceneViewState":{"showFog":true,"showMaterialUpdate":false,"showSkybox":true,"showFlares":true,"showImageEffects":true,"showParticleSystems":true},"in2DMode":false,"pivot":{"x":0.4081084728240967,"y":1.3591551780700684,"z":6.627343654632568},"rotation":{"x":0.004499964881688356,"y":0.0029999655671417715,"z":0.00001349993544863537,"w":-0.99998539686203},"size":14.59068489074707,"orthographic":true}